{
  "model_version": "smoke-20260505",
  "auc_roc": 1.0,
  "f1_score": 0.9637,
  "precision": 0.93,
  "recall": 1.0,
  "brier_score": 0.0612,
  "feature_importances": {
    "adherence_rate_7d": 0.39066916704177856,
    "missed_count_7d": 0.3133698105812073,
    "adherence_rate_14d": 0.12544803321361542,
    "adherence_trend_delta": 0.058128051459789276,
    "max_streak_30d": 0.039618488401174545,
    "adherence_rate_30d": 0.034054048359394073,
    "missed_count_14d": 0.02348642796278,
    "days_since_last_miss": 0.0058994172140955925,
    "weekend_miss_ratio": 0.005476412363350391,
    "adherence_rate_90d": 0.0038501766975969076,
    "missed_count_30d": 0.0,
    "skip_count_7d": 0.0,
    "avg_delay_minutes": 0.0,
    "max_delay_minutes": 0.0,
    "pct_on_time_7d": 0.0,
    "current_streak_days": 0.0,
    "medication_count": 0.0,
    "doses_per_day": 0.0,
    "has_high_alert_med": 0.0,
    "evening_miss_ratio": 0.0,
    "morning_miss_ratio": 0.0,
    "time_of_day_risk": 0.0,
    "app_opens_7d": 0.0,
    "refill_days_late": 0.0,
    "consecutive_miss_streak": 0.0,
    "patient_age_group": 0.0,
    "is_cognitively_impaired": 0.0
  },
  "training_samples": 400,
  "artifact_path": "apps\\ai_engine\\models\\artifacts\\adherence_risk_xgb_vsmoke-20260505.pkl",
  "trained_at": "2026-05-05T17:21:57.329600+00:00"
}